genome1,genome2,naive_div,est_div,genome_len,clonal_len
700014724,700116468,1.0856348792774015e-05,1.0845986984815618e-05,460089,460560
